{
  "Total" : {
    "transaction" : "Total",
    "sampleCount" : 150,
    "errorCount" : 0,
    "errorPct" : 0.0,
    "meanResTime" : 34.446666666666665,
    "medianResTime" : 15.5,
    "minResTime" : 6.0,
    "maxResTime" : 785.0,
    "pct1ResTime" : 63.900000000000006,
    "pct2ResTime" : 107.44999999999976,
    "pct3ResTime" : 457.58000000000584,
    "throughput" : 16.274275794727135,
    "receivedKBytesPerSec" : 6.345908036779863,
    "sentKBytesPerSec" : 5.51693711348595
  },
  "02 Query Stock" : {
    "transaction" : "02 Query Stock",
    "sampleCount" : 50,
    "errorCount" : 0,
    "errorPct" : 0.0,
    "meanResTime" : 9.359999999999998,
    "medianResTime" : 7.5,
    "minResTime" : 6.0,
    "maxResTime" : 26.0,
    "pct1ResTime" : 16.799999999999997,
    "pct2ResTime" : 22.14999999999997,
    "pct3ResTime" : 26.0,
    "throughput" : 5.52730488613752,
    "receivedKBytesPerSec" : 1.630123120716339,
    "sentKBytesPerSec" : 1.6841007074950256
  },
  "01 Login" : {
    "transaction" : "01 Login",
    "sampleCount" : 50,
    "errorCount" : 0,
    "errorPct" : 0.0,
    "meanResTime" : 16.939999999999994,
    "medianResTime" : 14.5,
    "minResTime" : 10.0,
    "maxResTime" : 63.0,
    "pct1ResTime" : 24.0,
    "pct2ResTime" : 31.89999999999999,
    "pct3ResTime" : 63.0,
    "throughput" : 5.455537370430988,
    "receivedKBytesPerSec" : 2.4720403709765413,
    "sentKBytesPerSec" : 1.8668166939443538
  },
  "03 Create Order" : {
    "transaction" : "03 Create Order",
    "sampleCount" : 50,
    "errorCount" : 0,
    "errorPct" : 0.0,
    "meanResTime" : 77.03999999999999,
    "medianResTime" : 51.5,
    "minResTime" : 40.0,
    "maxResTime" : 785.0,
    "pct1ResTime" : 124.5,
    "pct2ResTime" : 136.94999999999996,
    "pct3ResTime" : 785.0,
    "throughput" : 5.5096418732782375,
    "receivedKBytesPerSec" : 2.3237345041322315,
    "sentKBytesPerSec" : 2.0392131542699725
  }
}